"num","category","theme","title","sourcefile"
"1","ch","自由と時間","週末が怖い","ch01_自由と時間.md"
"2","ch","自由と時間","退屈という贅沢","ch01_自由と時間.md"
"3","ch","自由と時間","効率化の罠","ch01_自由と時間.md"
"4","ch","自由と時間","「いつか」という病","ch01_自由と時間.md"
"5","ch","自由と時間","スケジュールに支配される人生","ch01_自由と時間.md"
"6","ch","自由と時間","睡眠を削る人たち","ch01_自由と時間.md"
"7","ch","自由と時間","通知に切り刻まれる一日","ch01_自由と時間.md"
"8","ch","自由と時間","待てない時代","ch01_自由と時間.md"
"9","ch","自由と時間","「忙しい」が口癖になったら","ch01_自由と時間.md"
"10","ch","自由と時間","老後という神話","ch01_自由と時間.md"
"11","ch","消費と欲望","本当に欲しかったもの","ch02_消費と欲望.md"
"12","ch","消費と欲望","選んでいるつもり","ch02_消費と欲望.md"
"13","ch","消費と欲望","ブランドという宗教","ch02_消費と欲望.md"
"14","ch","消費と欲望","広告が作る「足りなさ」","ch02_消費と欲望.md"
"15","ch","消費と欲望","セールという魔法","ch02_消費と欲望.md"
"16","ch","消費と欲望","「体験を買う」の落とし穴","ch02_消費と欲望.md"
"17","ch","消費と欲望","ミニマリストの矛盾","ch02_消費と欲望.md"
"18","ch","消費と欲望","SNSで見える「持ち物自慢」","ch02_消費と欲望.md"
"19","ch","消費と欲望","サブスクリプションという静かな鎖","ch02_消費と欲望.md"
"20","ch","消費と欲望","「欲しい」と「必要」の違い","ch02_消費と欲望.md"
"21","ch","仕事と労働","やりがいという麻酔","ch03_仕事と労働.md"
"22","ch","仕事と労働","成長という名の自己搾取","ch03_仕事と労働.md"
"23","ch","仕事と労働","好きを仕事にの嘘","ch03_仕事と労働.md"
"24","ch","仕事と労働","意味のない仕事","ch03_仕事と労働.md"
"25","ch","仕事と労働","会社員という身分","ch03_仕事と労働.md"
"26","ch","仕事と労働","朝礼という儀式","ch03_仕事と労働.md"
"27","ch","仕事と労働","昇進という餌","ch03_仕事と労働.md"
"28","ch","仕事と労働","有給を取れない理由","ch03_仕事と労働.md"
"29","ch","仕事と労働","定年という幻","ch03_仕事と労働.md"
"30","ch","仕事と労働","「社会人」という言葉","ch03_仕事と労働.md"
"31","ch","人間関係と承認","いいねの中毒","ch04_人間関係と承認.md"
"32","ch","人間関係と承認","友達の数","ch04_人間関係と承認.md"
"33","ch","人間関係と承認","褒められたいの正体","ch04_人間関係と承認.md"
"34","ch","人間関係と承認","空気を読むという不自由","ch04_人間関係と承認.md"
"35","ch","人間関係と承認","「嫌われたくない」の代償","ch04_人間関係と承認.md"
"36","ch","人間関係と承認","比較という病","ch04_人間関係と承認.md"
"37","ch","人間関係と承認","SNSで見せる自分","ch04_人間関係と承認.md"
"38","ch","人間関係と承認","孤独と寂しさは違う","ch04_人間関係と承認.md"
"39","ch","人間関係と承認","マウントを取る人","ch04_人間関係と承認.md"
"40","ch","人間関係と承認","「親しい人」だから傷つける","ch04_人間関係と承認.md"
"41","ch","自己と他者","「自分らしさ」という幻","ch05_自己と他者.md"
"42","ch","自己と他者","個性という商品","ch05_自己と他者.md"
"43","ch","自己と他者","他人の目で生きる人生","ch05_自己と他者.md"
"44","ch","自己と他者","「本当の自分」探し","ch05_自己と他者.md"
"45","ch","自己と他者","肩書きという仮面","ch05_自己と他者.md"
"46","ch","自己と他者","「らしさ」の檻","ch05_自己と他者.md"
"47","ch","自己と他者","過去が自分を決める、という嘘","ch05_自己と他者.md"
"48","ch","自己と他者","自己肯定感という言葉","ch05_自己と他者.md"
"49","ch","自己と他者","誰かになりたい病","ch05_自己と他者.md"
"50","ch","自己と他者","鏡の中の他人","ch05_自己と他者.md"
"51","ch","権力と服従","奴隷の夢","ch06_権力と服従.md"
"52","ch","権力と服従","空気という支配者","ch06_権力と服従.md"
"53","ch","権力と服従","自発的な服従","ch06_権力と服従.md"
"54","ch","権力と服従","ルールを作る人、従う人","ch06_権力と服従.md"
"55","ch","権力と服従","監視という透明な檻","ch06_権力と服従.md"
"56","ch","権力と服従","いい子の代償","ch06_権力と服従.md"
"57","ch","権力と服従","多数決という暴力","ch06_権力と服従.md"
"58","ch","権力と服従","権威という色眼鏡","ch06_権力と服従.md"
"59","ch","権力と服従","家族という最初のヒエラルキー","ch06_権力と服従.md"
"60","ch","権力と服従","抵抗する、という生き方","ch06_権力と服従.md"
"61","ch","言葉と思考","言葉が思考を作る","ch07_言葉と思考.md"
"62","ch","言葉と思考","「みんな」という言葉の罠","ch07_言葉と思考.md"
"63","ch","言葉と思考","議論ではなく、勝ち負け","ch07_言葉と思考.md"
"64","ch","言葉と思考","沈黙という答え","ch07_言葉と思考.md"
"65","ch","言葉と思考","意見を持つということ","ch07_言葉と思考.md"
"66","ch","言葉と思考","「わかる」という誤解","ch07_言葉と思考.md"
"67","ch","言葉と思考","正解を求める癖","ch07_言葉と思考.md"
"68","ch","言葉と思考","「すべき」という言葉","ch07_言葉と思考.md"
"69","ch","言葉と思考","名前をつけると、見えなくなる","ch07_言葉と思考.md"
"70","ch","言葉と思考","翻訳できない感情","ch07_言葉と思考.md"
"71","ch","幸福と意味","幸福は目的地ではない","ch08_幸福と意味.md"
"72","ch","幸福と意味","成功と意味は違う","ch08_幸福と意味.md"
"73","ch","幸福と意味","比較の果ての虚しさ","ch08_幸福と意味.md"
"74","ch","幸福と意味","やりたいことがない、という悩み","ch08_幸福と意味.md"
"75","ch","幸福と意味","足るを知る","ch08_幸福と意味.md"
"76","ch","幸福と意味","目的のない時間","ch08_幸福と意味.md"
"77","ch","幸福と意味","不幸の多くは想像の中にある","ch08_幸福と意味.md"
"78","ch","幸福と意味","小さな喜びを見逃さない","ch08_幸福と意味.md"
"79","ch","幸福と意味","苦しみに意味はあるか","ch08_幸福と意味.md"
"80","ch","幸福と意味","幸福を、他人に決めさせない","ch08_幸福と意味.md"
"81","ch","時間と死","いつか死ぬ、ということ","ch09_時間と死.md"
"82","ch","時間と死","時間は均等ではない","ch09_時間と死.md"
"83","ch","時間と死","未来への貯金","ch09_時間と死.md"
"84","ch","時間と死","過去は変えられる","ch09_時間と死.md"
"85","ch","時間と死","若さという錯覚","ch09_時間と死.md"
"86","ch","時間と死","忙しさが時間を奪う","ch09_時間と死.md"
"87","ch","時間と死","死を忘れる社会","ch09_時間と死.md"
"88","ch","時間と死","思い出というフィクション","ch09_時間と死.md"
"89","ch","時間と死","未来の自分は、他人である","ch09_時間と死.md"
"90","ch","時間と死","今日が最後なら","ch09_時間と死.md"
"91","ch","知と無知","知らないことを知る","ch10_知と無知.md"
"92","ch","知と無知","情報と知識は違う","ch10_知と無知.md"
"93","ch","知と無知","確信という危険","ch10_知と無知.md"
"94","ch","知と無知","検索できる時代の記憶","ch10_知と無知.md"
"95","ch","知と無知","答えを急がない","ch10_知と無知.md"
"96","ch","知と無知","無知を恥じない","ch10_知と無知.md"
"97","ch","知と無知","エコーチェンバーの中で","ch10_知と無知.md"
"98","ch","知と無知","学び続ける勇気","ch10_知と無知.md"
"99","ch","知と無知","考えることは、孤独を引き受けること","ch10_知と無知.md"
"100","ch","知と無知","答えを、自分で持つ","ch10_知と無知.md"
"101","s","ChosenOne","普通になれないのは、普通じゃないから","s01_ChosenOne.md"
"102","s","ChosenOne","社会不適合者ほど、目覚めに近い魂","s01_ChosenOne.md"
"103","s","ChosenOne","みんなと違うのは、みんなと違う役割があるから","s01_ChosenOne.md"
"104","s","ChosenOne","孤独を感じるのは、ステージが違うから","s01_ChosenOne.md"
"105","s","ChosenOne","あなたが「浮いている」のは、沈んでいないから","s01_ChosenOne.md"
"106","s","ChosenOne","理解されないのは、翻訳できない言葉を話しているから","s01_ChosenOne.md"
"107","s","ChosenOne","失敗が多い人は、挑戦が多い魂","s01_ChosenOne.md"
"108","s","ChosenOne","嫌われるのは、本物だから","s01_ChosenOne.md"
"109","s","ChosenOne","何者にもなれないのは、何者にも収まらないから","s01_ChosenOne.md"
"110","s","ChosenOne","あなたは壊れているんじゃない、目覚めているんだ","s01_ChosenOne.md"
"111","s","生きているだけで奇跡","宝くじ100万回連続当選の確率","s02_生きているだけで奇跡.md"
"112","s","生きているだけで奇跡","砂浜の一粒を引き当てた奇跡","s02_生きているだけで奇跡.md"
"113","s","生きているだけで奇跡","1兆ピースのパズルが完成した奇跡","s02_生きているだけで奇跡.md"
"114","s","生きているだけで奇跡","サルとシェイクスピアの確率","s02_生きているだけで奇跡.md"
"115","s","生きているだけで奇跡","138億年のタイムカプセル","s02_生きているだけで奇跡.md"
"116","s","生きているだけで奇跡","プールの中の腕時計の奇跡","s02_生きているだけで奇跡.md"
"117","s","生きているだけで奇跡","暗闇に一本だけ灯るマッチの光","s02_生きているだけで奇跡.md"
"118","s","生きているだけで奇跡","地球という名の奇跡の星","s02_生きているだけで奇跡.md"
"119","s","生きているだけで奇跡","全人類の歴史があなたに集まっている","s02_生きているだけで奇跡.md"
"120","s","生きているだけで奇跡","辞書をシャッフルしても名作は生まれない","s02_生きているだけで奇跡.md"
"121","s","先に気づいてしまった人","この世界に早く来すぎた人たち","s03_先に気づいてしまった人.md"
"122","s","先に気づいてしまった人","みんなが見えないものが見える人","s03_先に気づいてしまった人.md"
"123","s","先に気づいてしまった人","答えを持っているのに、問題が来ていない","s03_先に気づいてしまった人.md"
"124","s","先に気づいてしまった人","違和感は未来からの手紙","s03_先に気づいてしまった人.md"
"125","s","先に気づいてしまった人","空気を読めないんじゃない、空気の嘘が見えるだけ","s03_先に気づいてしまった人.md"
"126","s","先に気づいてしまった人","常識に収まらないのは、常識より大きいから","s03_先に気づいてしまった人.md"
"127","s","先に気づいてしまった人","先に泣く人は、先に気づいた人","s03_先に気づいてしまった人.md"
"128","s","先に気づいてしまった人","「なぜ？」が止まらない人へ","s03_先に気づいてしまった人.md"
"129","s","先に気づいてしまった人","周回遅れに見えて、実は一周先にいる","s03_先に気づいてしまった人.md"
"130","s","先に気づいてしまった人","最初に火を使った人も、きっと変人だった","s03_先に気づいてしまった人.md"
"131","s","体のサイン","夜中の3時に目が覚める本当の意味","s04_体のサイン.md"
"132","s","体のサイン","急に眠くなるのはエネルギーの切り替えサイン","s04_体のサイン.md"
"133","s","体のサイン","耳鳴りがする日はメッセージが届いている","s04_体のサイン.md"
"134","s","体のサイン","急にお腹が空くのはエネルギーが動いた証拠","s04_体のサイン.md"
"135","s","体のサイン","頭痛が続くのは古いプログラムの書き換え中","s04_体のサイン.md"
"136","s","体のサイン","涙が勝手に出る日はデトックスの日","s04_体のサイン.md"
"137","s","体のサイン","鳥肌が立つのは魂が反応しているサイン","s04_体のサイン.md"
"138","s","体のサイン","体がだるい日は魂の充電日","s04_体のサイン.md"
"139","s","体のサイン","食の好みが急に変わるのはステージが変わるサイン","s04_体のサイン.md"
"140","s","体のサイン","手のひらが熱くなるのはエネルギーが溢れているサイン","s04_体のサイン.md"
"141","s","感情のサイン","急にイライラするのはステージが変わるサイン","s05_感情のサイン.md"
"142","s","感情のサイン","やる気が出ないのは魂の充電期間","s05_感情のサイン.md"
"143","s","感情のサイン","孤独を感じる夜は魂が本来の自分に戻ろうとしている","s05_感情のサイン.md"
"144","s","感情のサイン","過去の失敗を急に思い出すのは手放しのサイン","s05_感情のサイン.md"
"145","s","感情のサイン","何もかもどうでもよくなるのは魂のリセット前","s05_感情のサイン.md"
"146","s","感情のサイン","急に泣きたくなるのは魂の浄化","s05_感情のサイン.md"
"147","s","感情のサイン","「消えたい」と思うのは古い自分が消えたがっている","s05_感情のサイン.md"
"148","s","感情のサイン","怒りが爆発するのは本当の自分が出てきた証拠","s05_感情のサイン.md"
"149","s","感情のサイン","何を選んでも不安なのは新しいステージに立っているから","s05_感情のサイン.md"
"150","s","感情のサイン","嫉妬するのは本当に欲しいものが見えた瞬間","s05_感情のサイン.md"
"151","s","人間関係が変わるサイン","急に友達と合わなくなる理由","s06_人間関係が変わるサイン.md"
"152","s","人間関係が変わるサイン","嫌われ始めたら波動が上がった証拠","s06_人間関係が変わるサイン.md"
"153","s","人間関係が変わるサイン","連絡が途絶える人は役目を終えた魂","s06_人間関係が変わるサイン.md"
"154","s","人間関係が変わるサイン","一人になる時期は次の出会いの準備期間","s06_人間関係が変わるサイン.md"
"155","s","人間関係が変わるサイン","合わない人と出会うのも意味がある","s06_人間関係が変わるサイン.md"
"156","s","人間関係が変わるサイン","家族と合わないのは違う星から来たから","s06_人間関係が変わるサイン.md"
"157","s","人間関係が変わるサイン","人間関係がリセットされるのは魂の棚卸し","s06_人間関係が変わるサイン.md"
"158","s","人間関係が変わるサイン","いじめられた経験がある人へ","s06_人間関係が変わるサイン.md"
"159","s","人間関係が変わるサイン","執着を手放すと本物の縁が来る","s06_人間関係が変わるサイン.md"
"160","s","人間関係が変わるサイン","あなたの味方は必ず現れる","s06_人間関係が変わるサイン.md"
"161","s","頑張らなくていい","頑張れない自分は、ダメじゃない","s07_頑張らなくていい.md"
"162","s","頑張らなくていい","休むことも才能のひとつ","s07_頑張らなくていい.md"
"163","s","頑張らなくていい","何もしない日こそ魂が一番働いている","s07_頑張らなくていい.md"
"164","s","頑張らなくていい","努力しないと幸せになれないは嘘","s07_頑張らなくていい.md"
"165","s","頑張らなくていい","逃げるのは負けじゃない、選んでいるだけ","s07_頑張らなくていい.md"
"166","s","頑張らなくていい","遅刻するのは地球のリズムに合わないだけ","s07_頑張らなくていい.md"
"167","s","頑張らなくていい","完璧じゃなくていい、完璧なんか存在しない","s07_頑張らなくていい.md"
"168","s","頑張らなくていい","「もっと頑張れ」は呪いの言葉","s07_頑張らなくていい.md"
"169","s","頑張らなくていい","ゴロゴロしている日は波動を整えている日","s07_頑張らなくていい.md"
"170","s","頑張らなくていい","自分のペースで生きることが最強の生き方","s07_頑張らなくていい.md"
"171","s","弱さは実はギフト","感じすぎるのはアンテナが強いから","s08_弱さは実はギフト.md"
"172","s","弱さは実はギフト","集中できない人は同時に多くの次元を感じている","s08_弱さは実はギフト.md"
"173","s","弱さは実はギフト","忘れっぽい人は過去に執着しない高い魂","s08_弱さは実はギフト.md"
"174","s","弱さは実はギフト","片付けられないのは創造性が溢れているから","s08_弱さは実はギフト.md"
"175","s","弱さは実はギフト","飽きっぽい人は探求者の魂","s08_弱さは実はギフト.md"
"176","s","弱さは実はギフト","要領が悪いのは丁寧に生きている証拠","s08_弱さは実はギフト.md"
"177","s","弱さは実はギフト","人見知りは魂が本物を見分けている","s08_弱さは実はギフト.md"
"178","s","弱さは実はギフト","すぐ泣いてしまうのは心が生きている証拠","s08_弱さは実はギフト.md"
"179","s","弱さは実はギフト","考えすぎる人は深い世界を見ている","s08_弱さは実はギフト.md"
"180","s","弱さは実はギフト","不器用なのは一途な魂だから","s08_弱さは実はギフト.md"
"181","s","宇宙から見たあなた","年収で測れない魂の価値","s09_宇宙から見たあなた.md"
"182","s","宇宙から見たあなた","学歴は地球だけのルール","s09_宇宙から見たあなた.md"
"183","s","宇宙から見たあなた","宇宙にはテストも通知表もない","s09_宇宙から見たあなた.md"
"184","s","宇宙から見たあなた","失敗は宇宙にとって経験データ","s09_宇宙から見たあなた.md"
"185","s","宇宙から見たあなた","比較するものさし自体が幻想","s09_宇宙から見たあなた.md"
"186","s","宇宙から見たあなた","地球での肩書きは宇宙では関係ない","s09_宇宙から見たあなた.md"
"187","s","宇宙から見たあなた","時間に遅れるのは宇宙時間で生きているから","s09_宇宙から見たあなた.md"
"188","s","宇宙から見たあなた","あなたの存在は宇宙のバランスの一部","s09_宇宙から見たあなた.md"
"189","s","宇宙から見たあなた","完璧な人生より、あなたらしい人生","s09_宇宙から見たあなた.md"
"190","s","宇宙から見たあなた","宇宙はあなたの味方をしている","s09_宇宙から見たあなた.md"
"191","s","魂のアップデート","全部うまくいかない時は人生が再起動している","s10_魂のアップデート.md"
"192","s","魂のアップデート","サナギの法則：壊れないと蝶にはなれない","s10_魂のアップデート.md"
"193","s","魂のアップデート","停滞期は種が根を張っている時期","s10_魂のアップデート.md"
"194","s","魂のアップデート","古い自分が死ぬ夜、新しい自分が生まれる朝","s10_魂のアップデート.md"
"195","s","魂のアップデート","周波数が変わると世界が変わる","s10_魂のアップデート.md"
"196","s","魂のアップデート","好転反応は良くなっている証拠","s10_魂のアップデート.md"
"197","s","魂のアップデート","人生がひっくり返るのは正しい方向に向き直っている","s10_魂のアップデート.md"
"198","s","魂のアップデート","やめたくなるのは卒業が近いサイン","s10_魂のアップデート.md"
"199","s","魂のアップデート","何度も同じ問題が起きるのは宿題が残っている","s10_魂のアップデート.md"
"200","s","魂のアップデート","壊れるのは器が大きくなっているから","s10_魂のアップデート.md"
"201","s","手放しと引き寄せ","手放した瞬間に、入ってくる","s11_手放しと引き寄せ.md"
"202","s","手放しと引き寄せ","「ありがとう」が最強の引き寄せ","s11_手放しと引き寄せ.md"
"203","s","手放しと引き寄せ","欲しがるほど遠ざかる理由","s11_手放しと引き寄せ.md"
"204","s","手放しと引き寄せ","失ったものは、もっといいものが来る予告","s11_手放しと引き寄せ.md"
"205","s","手放しと引き寄せ","心配するほど心配なことが起きる仕組み","s11_手放しと引き寄せ.md"
"206","s","手放しと引き寄せ","自分を満たすと世界が変わる","s11_手放しと引き寄せ.md"
"207","s","手放しと引き寄せ","否定の言葉をやめると現実が動き出す","s11_手放しと引き寄せ.md"
"208","s","手放しと引き寄せ","直感に従うと最短ルートに乗れる","s11_手放しと引き寄せ.md"
"209","s","手放しと引き寄せ","ワクワクは魂のナビゲーション","s11_手放しと引き寄せ.md"
"210","s","手放しと引き寄せ","あなたが変わると世界が先に変わる","s11_手放しと引き寄せ.md"
"211","s","あなたの使命","暗号を持って生まれてきた人","s12_あなたの使命.md"
"212","s","あなたの使命","生きづらさの正体は使命の重さ","s12_あなたの使命.md"
"213","s","あなたの使命","あなたがここにいる理由","s12_あなたの使命.md"
"214","s","あなたの使命","傷ついた経験がある人だけが持てる使命","s12_あなたの使命.md"
"215","s","あなたの使命","あなたは光を届けるために闇を経験した","s12_あなたの使命.md"
"216","s","あなたの使命","やりたいことが見つからない人へ","s12_あなたの使命.md"
"217","s","あなたの使命","人を救う前に自分を救うこと","s12_あなたの使命.md"
"218","s","あなたの使命","存在しているだけで使命を果たしている","s12_あなたの使命.md"
"219","s","あなたの使命","あなたの言葉が誰かの命綱になっている","s12_あなたの使命.md"
"220","s","あなたの使命","最後に笑う人は、たくさん泣いた人","s12_あなたの使命.md"
"221","s","目覚めの段階","ステージ1：違和感を感じ始める","s13_目覚めの段階.md"
"222","s","目覚めの段階","ステージ2：孤独と混乱の時期","s13_目覚めの段階.md"
"223","s","目覚めの段階","ステージ3：人間関係が一気に整理される","s13_目覚めの段階.md"
"224","s","目覚めの段階","ステージ4：過去の痛みが浮上する","s13_目覚めの段階.md"
"225","s","目覚めの段階","ステージ5：直感が冴え始める","s13_目覚めの段階.md"
"226","s","目覚めの段階","ステージ6：自分の価値に気づく","s13_目覚めの段階.md"
"227","s","目覚めの段階","ステージ7：シンクロニシティが増える","s13_目覚めの段階.md"
"228","s","目覚めの段階","ステージ8：与える喜びに目覚める","s13_目覚めの段階.md"
"229","s","目覚めの段階","ステージ9：すべてに感謝できる","s13_目覚めの段階.md"
"230","s","目覚めの段階","ステージ10：ただ在る、という境地","s13_目覚めの段階.md"
"231","s","星の子ども","あなたの中の鉄は星の残骸","s14_星の子ども.md"
"232","s","星の子ども","あなたは宇宙が自分を体験するために作った存在","s14_星の子ども.md"
"233","s","星の子ども","夜空の星とあなたは兄弟","s14_星の子ども.md"
"234","s","星の子ども","呼吸するたびに宇宙とつながっている","s14_星の子ども.md"
"235","s","星の子ども","あなたの体は小さな宇宙","s14_星の子ども.md"
"236","s","星の子ども","満月に感情が揺れるのは宇宙と同期しているから","s14_星の子ども.md"
"237","s","星の子ども","地球はあなたの体と同じ構造","s14_星の子ども.md"
"238","s","星の子ども","あなたの心臓は宇宙のリズムを刻んでいる","s14_星の子ども.md"
"239","s","星の子ども","死んだ星がなければあなたは存在しない","s14_星の子ども.md"
"240","s","星の子ども","宇宙が作るのに138億年かかった唯一の存在","s14_星の子ども.md"
"241","s","地球という学校","地球は魂にとって一番難しい学校","s15_地球という学校.md"
"242","s","地球という学校","この人生を選んで生まれてきた理由","s15_地球という学校.md"
"243","s","地球という学校","辛い経験は選択科目じゃなく必修科目","s15_地球という学校.md"
"244","s","地球という学校","卒業間近の魂ほど試練が多い","s15_地球という学校.md"
"245","s","地球という学校","嫌いな人は最高の先生","s15_地球という学校.md"
"246","s","地球という学校","失恋は「愛」の授業の中間テスト","s15_地球という学校.md"
"247","s","地球という学校","お金の苦労は「豊かさ」の授業","s15_地球という学校.md"
"248","s","地球という学校","病気は体が出す最終警告の授業","s15_地球という学校.md"
"249","s","地球という学校","退屈な毎日は休み時間","s15_地球という学校.md"
"250","s","地球という学校","人生のテストに不合格はない","s15_地球という学校.md"
"251","t","学校教育の嘘","学校が絶対に教えない三つのこと","t01_学校教育の嘘.md"
"252","t","学校教育の嘘","なぜ通知表は5段階なのか","t01_学校教育の嘘.md"
"253","t","学校教育の嘘","校則という名の調教マニュアル","t01_学校教育の嘘.md"
"254","t","学校教育の嘘","不登校は魂の正当防衛","t01_学校教育の嘘.md"
"255","t","学校教育の嘘","宿題は誰のためにあるのか","t01_学校教育の嘘.md"
"256","t","学校教育の嘘","テストで100点を取る子が成功しない理由","t01_学校教育の嘘.md"
"257","t","学校教育の嘘","なぜ学校は起業を教えないのか","t01_学校教育の嘘.md"
"258","t","学校教育の嘘","いじめがなくならない本当の理由","t01_学校教育の嘘.md"
"259","t","学校教育の嘘","先生も被害者だという真実","t01_学校教育の嘘.md"
"260","t","学校教育の嘘","学校に行かなかった偉人たち","t01_学校教育の嘘.md"
"261","t","医療と健康の支配構造","薬を飲む前に知ってほしいこと","t02_医療と健康の支配構造.md"
"262","t","医療と健康の支配構造","なぜ予防医学は儲からないのか","t02_医療と健康の支配構造.md"
"263","t","医療と健康の支配構造","睡眠薬を飲む前に試してほしいこと","t02_医療と健康の支配構造.md"
"264","t","医療と健康の支配構造","石油王が医療を変えた日","t02_医療と健康の支配構造.md"
"265","t","医療と健康の支配構造","病院の待合室で気づいたこと","t02_医療と健康の支配構造.md"
"266","t","医療と健康の支配構造","ストレスという名の万能診断","t02_医療と健康の支配構造.md"
"267","t","医療と健康の支配構造","子供に薬を飲ませる前に","t02_医療と健康の支配構造.md"
"268","t","医療と健康の支配構造","健康診断の数字に支配される人々","t02_医療と健康の支配構造.md"
"269","t","医療と健康の支配構造","呼吸だけで体は変わる","t02_医療と健康の支配構造.md"
"270","t","医療と健康の支配構造","あなたの体はあなたに話しかけている","t02_医療と健康の支配構造.md"
"271","t","食と種の支配","あなたの食卓は誰が設計したものですか","t03_食と種の支配.md"
"272","t","食と種の支配","添加物の正体を知っていますか","t03_食と種の支配.md"
"273","t","食と種の支配","水を買う時代の異常さ","t03_食と種の支配.md"
"274","t","食と種の支配","なぜオーガニックは高いのか","t03_食と種の支配.md"
"275","t","食と種の支配","給食で子供に何を食べさせているか","t03_食と種の支配.md"
"276","t","食と種の支配","スーパーの野菜はなぜ腐らないのか","t03_食と種の支配.md"
"277","t","食と種の支配","種子法廃止の意味を知っていますか","t03_食と種の支配.md"
"278","t","食と種の支配","あなたが甘いものをやめられない理由","t03_食と種の支配.md"
"279","t","食と種の支配","食料自給率38%の意味","t03_食と種の支配.md"
"280","t","食と種の支配","台所は最後の砦","t03_食と種の支配.md"
"281","t","お金と労働の洗脳","なぜあなたは朝が辛いのか","t04_お金と労働の洗脳.md"
"282","t","お金と労働の洗脳","給料は我慢料","t04_お金と労働の洗脳.md"
"283","t","お金と労働の洗脳","貯金は美徳という洗脳","t04_お金と労働の洗脳.md"
"284","t","お金と労働の洗脳","なぜ税金の仕組みを学校で教えないのか","t04_お金と労働の洗脳.md"
"285","t","お金と労働の洗脳","定年という名のゴールライン","t04_お金と労働の洗脳.md"
"286","t","お金と労働の洗脳","満員電車で失われるもの","t04_お金と労働の洗脳.md"
"287","t","お金と労働の洗脳","副業禁止という支配","t04_お金と労働の洗脳.md"
"288","t","お金と労働の洗脳","お金持ちが子供に教えること","t04_お金と労働の洗脳.md"
"289","t","お金と労働の洗脳","借金は悪という嘘","t04_お金と労働の洗脳.md"
"290","t","お金と労働の洗脳","本当の自由とは何か","t04_お金と労働の洗脳.md"
"291","t","メディアと情報操作","テレビを消した日から人生が変わる","t05_メディアと情報操作.md"
"292","t","メディアと情報操作","ニュースはなぜ悪いことばかり報じるのか","t05_メディアと情報操作.md"
"293","t","メディアと情報操作","スポンサーの正体を見てください","t05_メディアと情報操作.md"
"294","t","メディアと情報操作","アルゴリズムはあなたを知っている","t05_メディアと情報操作.md"
"295","t","メディアと情報操作","炎上は設計されている","t05_メディアと情報操作.md"
"296","t","メディアと情報操作","いいねが壊した自己肯定感","t05_メディアと情報操作.md"
"297","t","メディアと情報操作","比較という名の毒","t05_メディアと情報操作.md"
"298","t","メディアと情報操作","報道されないニュースの重要さ","t05_メディアと情報操作.md"
"299","t","メディアと情報操作","無料サービスの本当の代金","t05_メディアと情報操作.md"
"300","t","メディアと情報操作","情報を選ぶ力が人生を決める","t05_メディアと情報操作.md"
"301","t","テクノロジーと人間の未来","2026年オフラインが贅沢品になる","t06_テクノロジーと人間の未来.md"
"302","t","テクノロジーと人間の未来","あなたが見ている映像は本物ですか","t06_テクノロジーと人間の未来.md"
"303","t","テクノロジーと人間の未来","脳にチップを埋める時代が来た","t06_テクノロジーと人間の未来.md"
"304","t","テクノロジーと人間の未来","AIスロップがあなたの脳を溶かしている","t06_テクノロジーと人間の未来.md"
"305","t","テクノロジーと人間の未来","AIがあなたの代わりに広告を作る時代","t06_テクノロジーと人間の未来.md"
"306","t","テクノロジーと人間の未来","子供たちはもう気づいている","t06_テクノロジーと人間の未来.md"
"307","t","テクノロジーと人間の未来","スマホを置いた72時間で脳が変わる","t06_テクノロジーと人間の未来.md"
"308","t","テクノロジーと人間の未来","なぜ人は2016年に戻りたがるのか","t06_テクノロジーと人間の未来.md"
"309","t","テクノロジーと人間の未来","あなたの顔はもうあなたのものではない","t06_テクノロジーと人間の未来.md"
"310","t","テクノロジーと人間の未来","便利さの代償を考えたことはありますか","t06_テクノロジーと人間の未来.md"
"311","t","覚醒と目覚めのサイン","やる気が出ないのは覚醒のサイン","t07_覚醒と目覚めのサイン.md"
"312","t","覚醒と目覚めのサイン","引きこもった時間は無駄じゃなかった","t07_覚醒と目覚めのサイン.md"
"313","t","覚醒と目覚めのサイン","孤独な人ほど強い光を持っている","t07_覚醒と目覚めのサイン.md"
"314","t","覚醒と目覚めのサイン","涙が止まらない夜の意味","t07_覚醒と目覚めのサイン.md"
"315","t","覚醒と目覚めのサイン","あなたが変わると周りが離れていく理由","t07_覚醒と目覚めのサイン.md"
"316","t","覚醒と目覚めのサイン","眠れない夜が教えてくれること","t07_覚醒と目覚めのサイン.md"
"317","t","覚醒と目覚めのサイン","敏感すぎることは才能です","t07_覚醒と目覚めのサイン.md"
"318","t","覚醒と目覚めのサイン","なぜか古い記憶がよみがえる時","t07_覚醒と目覚めのサイン.md"
"319","t","覚醒と目覚めのサイン","シンクロニシティが増えたら","t07_覚醒と目覚めのサイン.md"
"320","t","覚醒と目覚めのサイン","あなたは最初から正しかった","t07_覚醒と目覚めのサイン.md"
"321","t","思考と潜在意識の力","不安を考えると不安が来る仕組み","t08_思考と潜在意識の力.md"
"322","t","思考と潜在意識の力","言葉が現実を作る科学的根拠","t08_思考と潜在意識の力.md"
"323","t","思考と潜在意識の力","なぜ成功者は瞑想するのか","t08_思考と潜在意識の力.md"
"324","t","思考と潜在意識の力","寝る前の5分が人生を決める","t08_思考と潜在意識の力.md"
"325","t","思考と潜在意識の力","感謝のリストが人生を変える理由","t08_思考と潜在意識の力.md"
"326","t","思考と潜在意識の力","口癖を変えた日から現実が動く","t08_思考と潜在意識の力.md"
"327","t","思考と潜在意識の力","潜在意識の95パーセントの力","t08_思考と潜在意識の力.md"
"328","t","思考と潜在意識の力","怒りは最も高いエネルギー","t08_思考と潜在意識の力.md"
"329","t","思考と潜在意識の力","直感はなぜ正しいのか","t08_思考と潜在意識の力.md"
"330","t","思考と潜在意識の力","現実は内側から変わる","t08_思考と潜在意識の力.md"
"331","t","世界の支配構造と陰謀","支配の反対語は革命ではない","t09_世界の支配構造と陰謀.md"
"332","t","世界の支配構造と陰謀","蛇口を握る者が世界を握る","t09_世界の支配構造と陰謀.md"
"333","t","世界の支配構造と陰謀","歴史の教科書は勝者の日記","t09_世界の支配構造と陰謀.md"
"334","t","世界の支配構造と陰謀","なぜ戦争はなくならないのか","t09_世界の支配構造と陰謀.md"
"335","t","世界の支配構造と陰謀","お金は誰が作っているか","t09_世界の支配構造と陰謀.md"
"336","t","世界の支配構造と陰謀","メディアは第四の権力","t09_世界の支配構造と陰謀.md"
"337","t","世界の支配構造と陰謀","陰謀論というレッテルの正体","t09_世界の支配構造と陰謀.md"
"338","t","世界の支配構造と陰謀","見えない税金が世界を回している","t09_世界の支配構造と陰謀.md"
"339","t","世界の支配構造と陰謀","国境を超える支配者たち","t09_世界の支配構造と陰謀.md"
"340","t","世界の支配構造と陰謀","支配から自由になる唯一の方法","t09_世界の支配構造と陰謀.md"
"341","t","分岐する世界と選択","世界は二つに分かれ始めている","t10_分岐する世界と選択.md"
"342","t","分岐する世界と選択","気づいた人と眠ったままの人","t10_分岐する世界と選択.md"
"343","t","分岐する世界と選択","正しさは一つではない","t10_分岐する世界と選択.md"
"344","t","分岐する世界と選択","恐怖で動くか愛で動くか","t10_分岐する世界と選択.md"
"345","t","分岐する世界と選択","何もしないという選択","t10_分岐する世界と選択.md"
"346","t","分岐する世界と選択","あなたの選択が世界を変える","t10_分岐する世界と選択.md"
"347","t","分岐する世界と選択","情報を選ぶことは生き方を選ぶこと","t10_分岐する世界と選択.md"
"348","t","分岐する世界と選択","完璧を捨てた人から自由になる","t10_分岐する世界と選択.md"
"349","t","分岐する世界と選択","手放すほど手に入る逆説","t10_分岐する世界と選択.md"
"350","t","分岐する世界と選択","あなたの人生はあなたが決めていい","t10_分岐する世界と選択.md"
"351","v","学校教育の嘘Vol2","なぜ教室の椅子は全部前を向いているのか","v01_学校教育の嘘Vol2.md"
"352","v","学校教育の嘘Vol2","運動会は何を競わせているのか","v01_学校教育の嘘Vol2.md"
"353","v","学校教育の嘘Vol2","なぜ美術と音楽の授業は少ないのか","v01_学校教育の嘘Vol2.md"
"354","v","学校教育の嘘Vol2","給食を残してはいけない本当の理由","v01_学校教育の嘘Vol2.md"
"355","v","学校教育の嘘Vol2","なぜ学校は8時に始まるのか","v01_学校教育の嘘Vol2.md"
"356","v","学校教育の嘘Vol2","友達100人できるかなの呪い","v01_学校教育の嘘Vol2.md"
"357","v","学校教育の嘘Vol2","先生に怒られた記憶が人生を支配する","v01_学校教育の嘘Vol2.md"
"358","v","学校教育の嘘Vol2","夢を聞かれる残酷さ","v01_学校教育の嘘Vol2.md"
"359","v","学校教育の嘘Vol2","学歴という名のカースト制度","v01_学校教育の嘘Vol2.md"
"360","v","学校教育の嘘Vol2","卒業式で泣く本当の理由","v01_学校教育の嘘Vol2.md"
"361","v","医療と健康の支配構造Vol2","風邪薬は風邪を治していない","v02_医療と健康の支配構造Vol2.md"
"362","v","医療と健康の支配構造Vol2","座りすぎが命を縮めている","v02_医療と健康の支配構造Vol2.md"
"363","v","医療と健康の支配構造Vol2","腸が第二の脳と呼ばれる理由","v02_医療と健康の支配構造Vol2.md"
"364","v","医療と健康の支配構造Vol2","なぜ歯医者は予防を教えないのか","v02_医療と健康の支配構造Vol2.md"
"365","v","医療と健康の支配構造Vol2","なぜ現代人はこんなにアレルギーが多いのか","v02_医療と健康の支配構造Vol2.md"
"366","v","医療と健康の支配構造Vol2","検索すると病気になる","v02_医療と健康の支配構造Vol2.md"
"367","v","医療と健康の支配構造Vol2","白い食べ物があなたを壊す","v02_医療と健康の支配構造Vol2.md"
"368","v","医療と健康の支配構造Vol2","筋トレより歩くことが大切な理由","v02_医療と健康の支配構造Vol2.md"
"369","v","医療と健康の支配構造Vol2","病気をネットで調べてはいけない理由","v02_医療と健康の支配構造Vol2.md"
"370","v","医療と健康の支配構造Vol2","笑うことが最高の薬である理由","v02_医療と健康の支配構造Vol2.md"
"371","v","食と種の支配Vol2","野菜の栄養価が50年前の半分になっている","v03_食と種の支配Vol2.md"
"372","v","食と種の支配Vol2","賞味期限の嘘","v03_食と種の支配Vol2.md"
"373","v","食と種の支配Vol2","なぜファストフードはあんなに安いのか","v03_食と種の支配Vol2.md"
"374","v","食と種の支配Vol2","牛乳は本当に体にいいのか","v03_食と種の支配Vol2.md"
"375","v","食と種の支配Vol2","マーガリンという名の実験","v03_食と種の支配Vol2.md"
"376","v","食と種の支配Vol2","季節外れの野菜が意味するもの","v03_食と種の支配Vol2.md"
"377","v","食と種の支配Vol2","コンビニ弁当で育つ子供たち","v03_食と種の支配Vol2.md"
"378","v","食と種の支配Vol2","食品ロスと飢餓が同時に存在する矛盾","v03_食と種の支配Vol2.md"
"379","v","食と種の支配Vol2","ペットボトルの水と水道水の真実","v03_食と種の支配Vol2.md"
"380","v","食と種の支配Vol2","家庭菜園という名の独立運動","v03_食と種の支配Vol2.md"
"381","v","お金と労働の洗脳Vol2","なぜ日曜日の夜が憂鬱なのか","v04_お金と労働の洗脳Vol2.md"
"382","v","お金と労働の洗脳Vol2","有給休暇を取れない空気の正体","v04_お金と労働の洗脳Vol2.md"
"383","v","お金と労働の洗脳Vol2","なぜ日本人だけが電車で寝るのか","v04_お金と労働の洗脳Vol2.md"
"384","v","お金と労働の洗脳Vol2","名刺を渡す瞬間に何が起きているか","v04_お金と労働の洗脳Vol2.md"
"385","v","お金と労働の洗脳Vol2","ボーナスという名の人質","v04_お金と労働の洗脳Vol2.md"
"386","v","お金と労働の洗脳Vol2","通勤時間という名の無給労働","v04_お金と労働の洗脳Vol2.md"
"387","v","お金と労働の洗脳Vol2","年功序列が才能を殺す","v04_お金と労働の洗脳Vol2.md"
"388","v","お金と労働の洗脳Vol2","退職届を出す日が人生の始まり","v04_お金と労働の洗脳Vol2.md"
"389","v","お金と労働の洗脳Vol2","老後2000万円問題の本当の意味","v04_お金と労働の洗脳Vol2.md"
"390","v","お金と労働の洗脳Vol2","お金より大切な三つの資産","v04_お金と労働の洗脳Vol2.md"
"391","v","メディアと情報操作Vol2","ニュースは怖がらせるほど儲かる","v05_メディアと情報操作Vol2.md"
"392","v","メディアと情報操作Vol2","SNSが選挙を動かしている","v05_メディアと情報操作Vol2.md"
"393","v","メディアと情報操作Vol2","コメント欄が地獄になる理由","v05_メディアと情報操作Vol2.md"
"394","v","メディアと情報操作Vol2","あなたの注意力は8秒しかない","v05_メディアと情報操作Vol2.md"
"395","v","メディアと情報操作Vol2","テレビと新聞はなぜ同じことを言うのか","v05_メディアと情報操作Vol2.md"
"396","v","メディアと情報操作Vol2","映画があなたの価値観を作っている","v05_メディアと情報操作Vol2.md"
"397","v","メディアと情報操作Vol2","検索結果の1ページ目しか見ない危険","v05_メディアと情報操作Vol2.md"
"398","v","メディアと情報操作Vol2","有名人の発言を信じてはいけない理由","v05_メディアと情報操作Vol2.md"
"399","v","メディアと情報操作Vol2","既読がもたらす見えない圧力","v05_メディアと情報操作Vol2.md"
"400","v","メディアと情報操作Vol2","沈黙する力を取り戻せ","v05_メディアと情報操作Vol2.md"
"401","v","テクノロジーと人間の未来Vol2","AIに仕事を奪われる人の共通点","v06_テクノロジーと人間の未来Vol2.md"
"402","v","テクノロジーと人間の未来Vol2","スマホがあなたの姿勢を壊している","v06_テクノロジーと人間の未来Vol2.md"
"403","v","テクノロジーと人間の未来Vol2","通知をオフにした日から集中力が戻る","v06_テクノロジーと人間の未来Vol2.md"
"404","v","テクノロジーと人間の未来Vol2","なぜSNSで幸せそうに見せたいのか","v06_テクノロジーと人間の未来Vol2.md"
"405","v","テクノロジーと人間の未来Vol2","パスワードがあなたの人生を握っている","v06_テクノロジーと人間の未来Vol2.md"
"406","v","テクノロジーと人間の未来Vol2","子供にスマホを渡す前に知ってほしいこと","v06_テクノロジーと人間の未来Vol2.md"
"407","v","テクノロジーと人間の未来Vol2","電子マネーが現金を殺す理由","v06_テクノロジーと人間の未来Vol2.md"
"408","v","テクノロジーと人間の未来Vol2","AIが書いた文章を見分けられますか","v06_テクノロジーと人間の未来Vol2.md"
"409","v","テクノロジーと人間の未来Vol2","スマートスピーカーは常に聞いている","v06_テクノロジーと人間の未来Vol2.md"
"410","v","テクノロジーと人間の未来Vol2","デジタル遺品という新しい問題","v06_テクノロジーと人間の未来Vol2.md"
"411","v","覚醒と目覚めのサインVol2","テレビがつまらなくなったら覚醒のサイン","v07_覚醒と目覚めのサインVol2.md"
"412","v","覚醒と目覚めのサインVol2","急に一人になりたくなる衝動","v07_覚醒と目覚めのサインVol2.md"
"413","v","覚醒と目覚めのサインVol2","食の好みが突然変わった時","v07_覚醒と目覚めのサインVol2.md"
"414","v","覚醒と目覚めのサインVol2","時計がゾロ目を指す理由","v07_覚醒と目覚めのサインVol2.md"
"415","v","覚醒と目覚めのサインVol2","体調を崩すのは好転反応かもしれない","v07_覚醒と目覚めのサインVol2.md"
"416","v","覚醒と目覚めのサインVol2","嫌いだった人を許せるようになった時","v07_覚醒と目覚めのサインVol2.md"
"417","v","覚醒と目覚めのサインVol2","夢がリアルすぎて怖い時","v07_覚醒と目覚めのサインVol2.md"
"418","v","覚醒と目覚めのサインVol2","数字に導かれているという感覚","v07_覚醒と目覚めのサインVol2.md"
"419","v","覚醒と目覚めのサインVol2","小さなことに感動するようになった時","v07_覚醒と目覚めのサインVol2.md"
"420","v","覚醒と目覚めのサインVol2","何者でもない自分を受け入れる日","v07_覚醒と目覚めのサインVol2.md"
"421","v","思考と潜在意識の力Vol2","鏡の法則が教えてくれること","v08_思考と潜在意識の力Vol2.md"
"422","v","思考と潜在意識の力Vol2","朝一番の思考が一日を決める","v08_思考と潜在意識の力Vol2.md"
"423","v","思考と潜在意識の力Vol2","許せない自分を許す方法","v08_思考と潜在意識の力Vol2.md"
"424","v","思考と潜在意識の力Vol2","ネガティブな人から離れるべき科学的理由","v08_思考と潜在意識の力Vol2.md"
"425","v","思考と潜在意識の力Vol2","なぜアファメーションは効くのか","v08_思考と潜在意識の力Vol2.md"
"426","v","思考と潜在意識の力Vol2","掃除が人生を変える理由","v08_思考と潜在意識の力Vol2.md"
"427","v","思考と潜在意識の力Vol2","執着を手放すと欲しいものが来る不思議","v08_思考と潜在意識の力Vol2.md"
"428","v","思考と潜在意識の力Vol2","体を動かすと思考が変わる理由","v08_思考と潜在意識の力Vol2.md"
"429","v","思考と潜在意識の力Vol2","不安の9割は起こらない","v08_思考と潜在意識の力Vol2.md"
"430","v","思考と潜在意識の力Vol2","今この瞬間だけが本当のあなた","v08_思考と潜在意識の力Vol2.md"
"431","v","世界の支配構造と陰謀Vol2","なぜ世界中で同じことが同時に起きるのか","v09_世界の支配構造と陰謀Vol2.md"
"432","v","世界の支配構造と陰謀Vol2","特許が世界を止めている","v09_世界の支配構造と陰謀Vol2.md"
"433","v","世界の支配構造と陰謀Vol2","保険という名の恐怖ビジネス","v09_世界の支配構造と陰謀Vol2.md"
"434","v","世界の支配構造と陰謀Vol2","宝くじが貧しい人から集める税金","v09_世界の支配構造と陰謀Vol2.md"
"435","v","世界の支配構造と陰謀Vol2","なぜエネルギー革命は進まないのか","v09_世界の支配構造と陰謀Vol2.md"
"436","v","世界の支配構造と陰謀Vol2","ニュースの裏で法律が変わっている","v09_世界の支配構造と陰謀Vol2.md"
"437","v","世界の支配構造と陰謀Vol2","格差が広がるほど支配は安定する","v09_世界の支配構造と陰謀Vol2.md"
"438","v","世界の支配構造と陰謀Vol2","借金で国を支配する方法","v09_世界の支配構造と陰謀Vol2.md"
"439","v","世界の支配構造と陰謀Vol2","プラスチックを発明した人は何を思うか","v09_世界の支配構造と陰謀Vol2.md"
"440","v","世界の支配構造と陰謀Vol2","真実は中間にある","v09_世界の支配構造と陰謀Vol2.md"
"441","v","分岐する世界と選択Vol2","変わることへの恐怖の正体","v10_分岐する世界と選択Vol2.md"
"442","v","分岐する世界と選択Vol2","いつ始めても遅くないという真実","v10_分岐する世界と選択Vol2.md"
"443","v","分岐する世界と選択Vol2","小さな習慣が人生を作る","v10_分岐する世界と選択Vol2.md"
"444","v","分岐する世界と選択Vol2","断る勇気が人生を救う","v10_分岐する世界と選択Vol2.md"
"445","v","分岐する世界と選択Vol2","幸福の定義を自分で決める","v10_分岐する世界と選択Vol2.md"
"446","v","分岐する世界と選択Vol2","失敗コレクターになれ","v10_分岐する世界と選択Vol2.md"
"447","v","分岐する世界と選択Vol2","自分軸で生きるとは何か","v10_分岐する世界と選択Vol2.md"
"448","v","分岐する世界と選択Vol2","今日できる一番小さな反抗","v10_分岐する世界と選択Vol2.md"
"449","v","分岐する世界と選択Vol2","この動画を最後まで見たあなたへ","v10_分岐する世界と選択Vol2.md"
"450","v","分岐する世界と選択Vol2","あなたの物語はここから始まる","v10_分岐する世界と選択Vol2.md"